
{
	"telemetry": {
		"eva_time": 0,
		"eva1": {
			"batt_time_left": 5069.719238,
			"oxy_pri_storage": 23.753936,
			"oxy_sec_storage": 15.393916,
			"oxy_pri_pressure": 0.000000,
			"oxy_sec_pressure": 0.000000,
			"oxy_time_left": 4227,
			"heart_rate": 90.000000,
			"oxy_consumption": 0.000000,
			"co2_production": 0.000000,
			"suit_pressure_oxy": 3.072300,
			"suit_pressure_co2": 0.005900,
			"suit_pressure_other": 11.554200,
			"suit_pressure_total": 14.632400,
			"fan_pri_rpm": 0.000000,
			"fan_sec_rpm": 0.000000,
			"helmet_pressure_co2": 0.000000,
			"scrubber_a_co2_storage": 0.000000,
			"scrubber_b_co2_storage": 0.000000,
			"temperature": 70.000000,
			"coolant_ml": 20.562498,
			"coolant_gas_pressure": 0.000000,
			"coolant_liquid_pressure": 0.000000
		},
		"eva2": {
			"batt_time_left": 3456.253662,
			"oxy_pri_storage": 23.950037,
			"oxy_sec_storage": 19.644312,
			"oxy_pri_pressure": 0.000000,
			"oxy_sec_pressure": 0.000000,
			"oxy_time_left": 4708,
			"heart_rate": 90.000000,
			"oxy_consumption": 0.000000,
			"co2_production": 0.000000,
			"suit_pressure_oxy": 3.072300,
			"suit_pressure_cO2": 0.005900,
			"suit_pressure_other": 11.554200,
			"suit_pressure_total": 14.632400,
			"fan_pri_rpm": 0.000000,
			"fan_sec_rpm": 0.000000,
			"helmet_pressure_co2": 0.000000,
			"scrubber_a_co2_storage": 0.000000,
			"scrubber_b_co2_storage": 0.000000,
			"temperature": 70.000000,
			"coolant_ml": 21.868614,
			"coolant_gas_pressure": 0.000000,
			"coolant_liquid_pressure": 0.000000
		}
	}
}